{"cameraMode":{"drawMode":0,"name":"Shaded","section":"Shading Mode"},"sceneLighting":true,"audioPlay":false,"sceneViewState":{"showFog":true,"showMaterialUpdate":false,"showSkybox":true,"showFlares":true,"showImageEffects":true,"showParticleSystems":true},"in2DMode":false,"pivot":{"x":6.390596389770508,"y":3.77801513671875,"z":-7.297979354858398},"rotation":{"x":-0.052709002047777179,"y":0.9424546360969544,"z":-0.17911297082901,"w":-0.2773437798023224},"size":49.219688415527347,"orthographic":false}