{"cameraMode":{"drawMode":0,"name":"Shaded","section":"Shading Mode"},"sceneLighting":true,"audioPlay":false,"sceneViewState":{"showFog":true,"showMaterialUpdate":false,"showSkybox":true,"showFlares":true,"showImageEffects":true,"showParticleSystems":true},"in2DMode":false,"pivot":{"x":10.74006175994873,"y":-2.255725860595703,"z":3.7907485961914064},"rotation":{"x":-0.5144391059875488,"y":0.059580907225608829,"z":-0.035861384123563769,"w":-0.8547032475471497},"size":60.09852981567383,"orthographic":false}